id,family,question,answer
r109,lookup_patient,Look up patient 1328's blood type.,Patient 1328 is blood type A negative. Action: LOOKUP(patient_1328_blood_type)
r199,status_equipment,Is the X-ray unit in the ER working?,The X-ray unit in the ER is operational. Action: STATUS(xray_unit_ER)
r126,lookup_patient,Find the room assignment for patient 6118.,Patient 6118 is in room 619. Action: LOOKUP(patient_6118_room)
r010,count_ward,How many people are admitted to nephrology right now?,There are 22 patients in the nephrology ward. Action: COUNT(nephrology)
r128,lookup_patient,Which room is patient 2953 in?,Patient 2953 is in room 113. Action: LOOKUP(patient_2953_room)
r106,lookup_patient,Look up patient 6473's blood type.,Patient 6473 is blood type B positive. Action: LOOKUP(patient_6473_blood_type)
r115,lookup_patient,Look up patient 7896's blood type.,Patient 7896 is blood type B negative. Action: LOOKUP(patient_7896_blood_type)
r131,lookup_patient,Which room is patient 8645 in?,Patient 8645 is in room 501. Action: LOOKUP(patient_8645_room)
r067,lookup_patient,Who is the attending physician for patient 6109?,Dr. Osei is the attending for patient 6109. Action: LOOKUP(patient_6109_attending)
r158,list_ward,List today's admissions to the trauma ward.,Today's trauma admissions: patient 9875. Action: LIST(ward_trauma_admissions)
r207,status_equipment,What is the status of the dialysis machine in the outpatient clinic?,The dialysis machine in the outpatient clinic is operational. Action: STATUS(dialysis_machine_outpatient_clinic)
r098,lookup_patient,What is the discharge date for patient 7366?,Patient 7366 is scheduled for discharge on Monday. Action: LOOKUP(patient_7366_discharge)
r092,lookup_patient,What is the discharge date for patient 9825?,Patient 9825 is scheduled for discharge on Saturday. Action: LOOKUP(patient_9825_discharge)
r133,lookup_patient,Where is patient 2161 currently located?,Patient 2161 is in room 317. Action: LOOKUP(patient_2161_room)
r051,lookup_patient,Is patient 4629 allergic to anything?,Patient 4629 is allergic to iodine contrast. Action: LOOKUP(patient_4629_allergies)
r100,lookup_patient,What is the discharge date for patient 6106?,Patient 6106 is scheduled for discharge on Saturday. Action: LOOKUP(patient_6106_discharge)
r080,lookup_patient,Who is the attending physician for patient 5912?,Dr. Petrov is the attending for patient 5912. Action: LOOKUP(patient_5912_attending)
r045,lookup_patient,Show the allergy record for patient 3083.,Patient 3083 is allergic to codeine. Action: LOOKUP(patient_3083_allergies)
r200,status_equipment,Is the X-ray unit in building B working?,The X-ray unit in building B is operational. Action: STATUS(xray_unit_building_B)
r173,list_ward,Which patients are being discharged from maternity today?,"Discharging from maternity today: patient 4671, patient 3938. Action: LIST(ward_maternity_discharges)"
r215,status_equipment,Is the ultrasound in floor 3 available?,The ultrasound in floor 3 is out of service. Action: STATUS(ultrasound_floor_3)
r082,lookup_patient,Who is the attending physician for patient 9063?,Dr. Osei is the attending for patient 9063. Action: LOOKUP(patient_9063_attending)
r085,lookup_patient,When is patient 5025 scheduled for discharge?,Patient 5025 is scheduled for discharge on Tuesday. Action: LOOKUP(patient_5025_discharge)
r211,status_equipment,Is the ultrasound in the ER available?,The ultrasound in the ER is under maintenance until Thursday. Action: STATUS(ultrasound_ER)
r187,status_equipment,Is the MRI scanner in the ER operational?,The MRI scanner in the ER is operational. Action: STATUS(mri_scanner_ER)
r197,status_equipment,What is the status of the CT scanner in floor 3?,The CT scanner in floor 3 is operational. Action: STATUS(ct_scanner_floor_3)
r057,lookup_patient,Show the allergy record for patient 3293.,Patient 3293 is allergic to latex. Action: LOOKUP(patient_3293_allergies)
r203,status_equipment,Is the X-ray unit in floor 3 working?,The X-ray unit in floor 3 is operational. Action: STATUS(xray_unit_floor_3)
r002,count_ward,How many people are admitted to oncology right now?,There are 17 patients in the oncology ward. Action: COUNT(oncology)
r027,lookup_patient,What medications is patient 2759 currently taking?,Patient 2759 is on metformin and albuterol. Action: LOOKUP(patient_2759_meds)
r061,lookup_patient,What allergies does patient 8033 have?,Patient 8033 is allergic to sulfa drugs. Action: LOOKUP(patient_8033_allergies)
r004,count_ward,How many patients are in the maternity ward?,There are 5 patients in the maternity ward. Action: COUNT(maternity)
r105,lookup_patient,Which blood group is patient 3953?,Patient 3953 is blood type A positive. Action: LOOKUP(patient_3953_blood_type)
r047,lookup_patient,Show the allergy record for patient 2685.,Patient 2685 is allergic to shellfish. Action: LOOKUP(patient_2685_allergies)
r129,lookup_patient,Find the room assignment for patient 7855.,Patient 7855 is in room 302. Action: LOOKUP(patient_7855_room)
r172,list_ward,Which patients are being discharged from palliative today?,Discharging from palliative today: patient 6515. Action: LIST(ward_palliative_discharges)
r094,lookup_patient,What is the discharge date for patient 9236?,Patient 9236 is scheduled for discharge on Thursday. Action: LOOKUP(patient_9236_discharge)
r088,lookup_patient,What is the discharge date for patient 2446?,Patient 2446 is scheduled for discharge on Wednesday. Action: LOOKUP(patient_2446_discharge)
r174,list_ward,Which patients are being discharged from urology today?,"Discharging from urology today: patient 1754, patient 5139, patient 9157. Action: LIST(ward_urology_discharges)"
r206,status_equipment,What is the status of the dialysis machine in building B?,The dialysis machine in building B is out of service. Action: STATUS(dialysis_machine_building_B)
r156,list_ward,List today's admissions to the pediatrics ward.,Today's pediatrics admissions: patient 5639. Action: LIST(ward_pediatrics_admissions)
r016,count_ward,What is the current patient count for radiology?,There are 23 patients in the radiology ward. Action: COUNT(radiology)
r164,list_ward,List today's admissions to the cardiology ward.,"Today's cardiology admissions: patient 8207, patient 6650, patient 7016. Action: LIST(ward_cardiology_admissions)"
r075,lookup_patient,Which doctor is responsible for patient 3065?,Dr. Achebe is the attending for patient 3065. Action: LOOKUP(patient_3065_attending)
r096,lookup_patient,Has a discharge date been set for patient 9880?,Patient 9880 is scheduled for discharge on Friday. Action: LOOKUP(patient_9880_discharge)
r097,lookup_patient,Has a discharge date been set for patient 3946?,Patient 3946 is scheduled for discharge on Monday. Action: LOOKUP(patient_3946_discharge)
r090,lookup_patient,When is patient 6543 scheduled for discharge?,Patient 6543 is scheduled for discharge on Sunday. Action: LOOKUP(patient_6543_discharge)
r053,lookup_patient,Is patient 9495 allergic to anything?,Patient 9495 is allergic to codeine. Action: LOOKUP(patient_9495_allergies)
r179,list_ward,Show pending consults for the dermatology ward.,"Pending dermatology consults: patient 6469, patient 8723. Action: LIST(ward_dermatology_consults)"
r190,status_equipment,Is the MRI scanner in the ICU operational?,The MRI scanner in the ICU is under maintenance until Thursday. Action: STATUS(mri_scanner_ICU)
r033,lookup_patient,List the current prescriptions for patient 4124.,Patient 4124 is on levothyroxine and omeprazole. Action: LOOKUP(patient_4124_meds)
r019,count_ward,What is the current patient count for palliative?,There are 30 patients in the palliative ward. Action: COUNT(palliative)
r138,lookup_patient,Where is patient 1011 currently located?,Patient 1011 is in room 618. Action: LOOKUP(patient_1011_room)
r001,count_ward,How many people are admitted to pediatrics right now?,There are 4 patients in the pediatrics ward. Action: COUNT(pediatrics)
r071,lookup_patient,Who is the attending physician for patient 7964?,Dr. Lindqvist is the attending for patient 7964. Action: LOOKUP(patient_7964_attending)
r095,lookup_patient,When is patient 9146 scheduled for discharge?,Patient 9146 is scheduled for discharge on Wednesday. Action: LOOKUP(patient_9146_discharge)
r134,lookup_patient,Which room is patient 3469 in?,Patient 3469 is in room 505. Action: LOOKUP(patient_3469_room)
r011,count_ward,How many people are admitted to pulmonology right now?,There are 37 patients in the pulmonology ward. Action: COUNT(pulmonology)
r052,lookup_patient,Show the allergy record for patient 4574.,Patient 4574 is allergic to iodine contrast. Action: LOOKUP(patient_4574_allergies)
r012,count_ward,How many people are admitted to endocrinology right now?,There are 15 patients in the endocrinology ward. Action: COUNT(endocrinology)
r040,lookup_patient,Which drugs are prescribed for patient 5442?,Patient 5442 is on albuterol and amlodipine. Action: LOOKUP(patient_5442_meds)
r073,lookup_patient,Who is the attending physician for patient 9996?,Dr. Haddad is the attending for patient 9996. Action: LOOKUP(patient_9996_attending)
r144,count_resource,How many ICU beds are free right now?,There are 22 free ICU beds. Action: COUNT(icu_free_beds)
r079,lookup_patient,Who is the attending physician for patient 1849?,Dr. Okafor is the attending for patient 1849. Action: LOOKUP(patient_1849_attending)
r003,count_ward,How many people are admitted to neurology right now?,There are 14 patients in the neurology ward. Action: COUNT(neurology)
r183,list_ward,Show pending consults for the icu ward.,"Pending icu consults: patient 1144, patient 1958. Action: LIST(ward_icu_consults)"
r021,count_ward,How many patients are in the ophthalmology ward?,There are 4 patients in the ophthalmology ward. Action: COUNT(ophthalmology)
r091,lookup_patient,When is patient 5291 scheduled for discharge?,Patient 5291 is scheduled for discharge on Sunday. Action: LOOKUP(patient_5291_discharge)
r022,count_ward,How many people are admitted to ent right now?,There are 14 patients in the ent ward. Action: COUNT(ent)
r055,lookup_patient,What allergies does patient 7491 have?,Patient 7491 is allergic to peanuts. Action: LOOKUP(patient_7491_allergies)
r188,status_equipment,Is the MRI scanner in building B operational?,The MRI scanner in building B is out of service. Action: STATUS(mri_scanner_building_B)
r078,lookup_patient,Name the attending on patient 1136's case.,Dr. Lindqvist is the attending for patient 1136. Action: LOOKUP(patient_1136_attending)
r112,lookup_patient,What is the blood type of patient 1830?,Patient 1830 is blood type A positive. Action: LOOKUP(patient_1830_blood_type)
r054,lookup_patient,What allergies does patient 8459 have?,Patient 8459 is allergic to penicillin. Action: LOOKUP(patient_8459_allergies)
r165,list_ward,List today's admissions to the infectious disease ward.,Today's infectious disease admissions: patient 2759. Action: LIST(ward_infectious_disease_admissions)
r031,lookup_patient,List the current prescriptions for patient 3569.,Patient 3569 is on metformin and levothyroxine. Action: LOOKUP(patient_3569_meds)
r212,status_equipment,Is the ultrasound in building B available?,The ultrasound in building B is operational. Action: STATUS(ultrasound_building_B)
r122,lookup_patient,Which blood group is patient 7337?,Patient 7337 is blood type AB negative. Action: LOOKUP(patient_7337_blood_type)
r076,lookup_patient,Which doctor is responsible for patient 7510?,Dr. Haddad is the attending for patient 7510. Action: LOOKUP(patient_7510_attending)
r124,lookup_patient,Which room is patient 1283 in?,Patient 1283 is in room 612. Action: LOOKUP(patient_1283_room)
r026,lookup_patient,List the current prescriptions for patient 7764.,Patient 7764 is on insulin glargine and levothyroxine. Action: LOOKUP(patient_7764_meds)
r198,status_equipment,Is the X-ray unit in radiology working?,The X-ray unit in radiology is under maintenance until Thursday. Action: STATUS(xray_unit_radiology)
r043,lookup_patient,What medications is patient 1639 currently taking?,Patient 1639 is on sertraline and albuterol. Action: LOOKUP(patient_1639_meds)
r178,list_ward,Show pending consults for the psychiatry ward.,Pending psychiatry consults: patient 3962. Action: LIST(ward_psychiatry_consults)
r074,lookup_patient,Name the attending on patient 3771's case.,Dr. Achebe is the attending for patient 3771. Action: LOOKUP(patient_3771_attending)
r103,lookup_patient,When is patient 9124 scheduled for discharge?,Patient 9124 is scheduled for discharge on Wednesday. Action: LOOKUP(patient_9124_discharge)
r162,list_ward,List today's admissions to the urology ward.,"Today's urology admissions: patient 8509, patient 7267. Action: LIST(ward_urology_admissions)"
r157,list_ward,List today's admissions to the nephrology ward.,Today's nephrology admissions: patient 4008. Action: LIST(ward_nephrology_admissions)
r184,list_ward,Show pending consults for the burns ward.,"Pending burns consults: patient 5763, patient 2194. Action: LIST(ward_burns_consults)"
r116,lookup_patient,What is the blood type of patient 7040?,Patient 7040 is blood type B negative. Action: LOOKUP(patient_7040_blood_type)
r192,status_equipment,What is the status of the CT scanner in radiology?,The CT scanner in radiology is operational. Action: STATUS(ct_scanner_radiology)
r084,lookup_patient,When is patient 4021 scheduled for discharge?,Patient 4021 is scheduled for discharge on Friday. Action: LOOKUP(patient_4021_discharge)
r077,lookup_patient,Name the attending on patient 1216's case.,Dr. Lindqvist is the attending for patient 1216. Action: LOOKUP(patient_1216_attending)
r099,lookup_patient,When is patient 1506 scheduled for discharge?,Patient 1506 is scheduled for discharge on Thursday. Action: LOOKUP(patient_1506_discharge)
r160,list_ward,List today's admissions to the orthopedics ward.,Today's orthopedics admissions: patient 6467. Action: LIST(ward_orthopedics_admissions)
r180,list_ward,Show pending consults for the endocrinology ward.,"Pending endocrinology consults: patient 4594, patient 3993, patient 1075. Action: LIST(ward_endocrinology_consults)"
r210,status_equipment,Is the ultrasound in radiology available?,The ultrasound in radiology is under maintenance until Thursday. Action: STATUS(ultrasound_radiology)
r213,status_equipment,Is the ultrasound in the outpatient clinic available?,The ultrasound in the outpatient clinic is operational. Action: STATUS(ultrasound_outpatient_clinic)
r171,list_ward,Which patients are being discharged from hematology today?,"Discharging from hematology today: patient 3201, patient 4273. Action: LIST(ward_hematology_discharges)"
r123,lookup_patient,Look up patient 6969's blood type.,Patient 6969 is blood type A negative. Action: LOOKUP(patient_6969_blood_type)
r102,lookup_patient,Has a discharge date been set for patient 2674?,Patient 2674 is scheduled for discharge on Tuesday. Action: LOOKUP(patient_2674_discharge)
r214,status_equipment,Is the ultrasound in the ICU available?,The ultrasound in the ICU is operational. Action: STATUS(ultrasound_ICU)
r152,count_resource,How many ambulances are currently dispatched?,There are 15 ambulances dispatched. Action: COUNT(ambulances_active)
r111,lookup_patient,Which blood group is patient 9333?,Patient 9333 is blood type B negative. Action: LOOKUP(patient_9333_blood_type)
r024,lookup_patient,What medications is patient 8923 currently taking?,Patient 8923 is on lisinopril and warfarin. Action: LOOKUP(patient_8923_meds)
r141,lookup_patient,Where is patient 4159 currently located?,Patient 4159 is in room 505. Action: LOOKUP(patient_4159_room)
r014,count_ward,How many patients are in the gastroenterology ward?,There are 13 patients in the gastroenterology ward. Action: COUNT(gastroenterology)
r058,lookup_patient,What allergies does patient 1528 have?,Patient 1528 is allergic to aspirin. Action: LOOKUP(patient_1528_allergies)
r114,lookup_patient,What is the blood type of patient 1936?,Patient 1936 is blood type B negative. Action: LOOKUP(patient_1936_blood_type)
r086,lookup_patient,Has a discharge date been set for patient 8891?,Patient 8891 is scheduled for discharge on Thursday. Action: LOOKUP(patient_8891_discharge)
r038,lookup_patient,List the current prescriptions for patient 8575.,Patient 8575 is on metformin and omeprazole. Action: LOOKUP(patient_8575_meds)
r186,status_equipment,Is the MRI scanner in radiology operational?,The MRI scanner in radiology is operational. Action: STATUS(mri_scanner_radiology)
r127,lookup_patient,Where is patient 8334 currently located?,Patient 8334 is in room 301. Action: LOOKUP(patient_8334_room)
r065,lookup_patient,Who is the attending physician for patient 7160?,Dr. Ramaswamy is the attending for patient 7160. Action: LOOKUP(patient_7160_attending)
r118,lookup_patient,Look up patient 6897's blood type.,Patient 6897 is blood type O positive. Action: LOOKUP(patient_6897_blood_type)
r155,count_resource,How many pharmacy orders are still open?,There are 10 open pharmacy orders. Action: COUNT(pharmacy_orders_open)
r195,status_equipment,What is the status of the CT scanner in the outpatient clinic?,The CT scanner in the outpatient clinic is out of service. Action: STATUS(ct_scanner_outpatient_clinic)
r007,count_ward,How many people are admitted to psychiatry right now?,There are 11 patients in the psychiatry ward. Action: COUNT(psychiatry)
r205,status_equipment,What is the status of the dialysis machine in the ER?,The dialysis machine in the ER is out of service. Action: STATUS(dialysis_machine_ER)
r193,status_equipment,What is the status of the CT scanner in the ER?,The CT scanner in the ER is out of service. Action: STATUS(ct_scanner_ER)
r046,lookup_patient,What allergies does patient 6736 have?,Patient 6736 is allergic to aspirin. Action: LOOKUP(patient_6736_allergies)
r142,lookup_patient,Find the room assignment for patient 3360.,Patient 3360 is in room 218. Action: LOOKUP(patient_3360_room)
r148,count_resource,How many nurses are on the current shift?,There are 20 nurses on shift. Action: COUNT(nurses_on_shift)
r032,lookup_patient,Which drugs are prescribed for patient 3873?,Patient 3873 is on lisinopril and amlodipine. Action: LOOKUP(patient_3873_meds)
r048,lookup_patient,Is patient 2927 allergic to anything?,Patient 2927 is allergic to latex. Action: LOOKUP(patient_2927_allergies)
r110,lookup_patient,Look up patient 6779's blood type.,Patient 6779 is blood type AB positive. Action: LOOKUP(patient_6779_blood_type)
r151,count_resource,How many isolation rooms are unoccupied?,There are 27 isolation rooms free. Action: COUNT(isolation_rooms_free)
r056,lookup_patient,Show the allergy record for patient 2221.,Patient 2221 is allergic to peanuts. Action: LOOKUP(patient_2221_allergies)
r194,status_equipment,What is the status of the CT scanner in building B?,The CT scanner in building B is operational. Action: STATUS(ct_scanner_building_B)
r159,list_ward,List today's admissions to the dermatology ward.,"Today's dermatology admissions: patient 3744, patient 5673, patient 4640. Action: LIST(ward_dermatology_admissions)"
r039,lookup_patient,What medications is patient 4805 currently taking?,Patient 4805 is on metformin and lisinopril. Action: LOOKUP(patient_4805_meds)
r059,lookup_patient,What allergies does patient 6766 have?,Patient 6766 is allergic to sulfa drugs. Action: LOOKUP(patient_6766_allergies)
r140,lookup_patient,Where is patient 1845 currently located?,Patient 1845 is in room 602. Action: LOOKUP(patient_1845_room)
r182,list_ward,Show pending consults for the geriatrics ward.,"Pending geriatrics consults: patient 4106, patient 9722, patient 9864. Action: LIST(ward_geriatrics_consults)"
r119,lookup_patient,What is the blood type of patient 9454?,Patient 9454 is blood type A negative. Action: LOOKUP(patient_9454_blood_type)
r036,lookup_patient,What medications is patient 1664 currently taking?,Patient 1664 is on amlodipine and lisinopril. Action: LOOKUP(patient_1664_meds)
r167,list_ward,Which patients are being discharged from rheumatology today?,"Discharging from rheumatology today: patient 7358, patient 6838, patient 9007. Action: LIST(ward_rheumatology_discharges)"
r013,count_ward,How many people are admitted to rheumatology right now?,There are 31 patients in the rheumatology ward. Action: COUNT(rheumatology)
r009,count_ward,How many people are admitted to urology right now?,There are 6 patients in the urology ward. Action: COUNT(urology)
r168,list_ward,Which patients are being discharged from ophthalmology today?,Discharging from ophthalmology today: patient 4585. Action: LIST(ward_ophthalmology_discharges)
r044,lookup_patient,Show the allergy record for patient 2787.,Patient 2787 is allergic to aspirin. Action: LOOKUP(patient_2787_allergies)
r147,count_resource,How many surgeries are on tomorrow's schedule?,There are 25 surgeries scheduled tomorrow. Action: COUNT(surgeries_tomorrow)
r005,count_ward,What is the current patient count for orthopedics?,There are 26 patients in the orthopedics ward. Action: COUNT(orthopedics)
r041,lookup_patient,List the current prescriptions for patient 5908.,Patient 5908 is on metformin and levothyroxine. Action: LOOKUP(patient_5908_meds)
r063,lookup_patient,What allergies does patient 7725 have?,Patient 7725 is allergic to latex. Action: LOOKUP(patient_7725_allergies)
r093,lookup_patient,What is the discharge date for patient 5970?,Patient 5970 is scheduled for discharge on Thursday. Action: LOOKUP(patient_5970_discharge)
r025,lookup_patient,List the current prescriptions for patient 3865.,Patient 3865 is on metformin and amlodipine. Action: LOOKUP(patient_3865_meds)
r166,list_ward,Which patients are being discharged from ent today?,"Discharging from ent today: patient 9145, patient 2698. Action: LIST(ward_ent_discharges)"
r196,status_equipment,What is the status of the CT scanner in the ICU?,The CT scanner in the ICU is operational. Action: STATUS(ct_scanner_ICU)
r000,count_ward,How many patients are in the cardiology ward?,There are 7 patients in the cardiology ward. Action: COUNT(cardiology)
r209,status_equipment,What is the status of the dialysis machine in floor 3?,The dialysis machine in floor 3 is operational. Action: STATUS(dialysis_machine_floor_3)
r135,lookup_patient,Where is patient 8255 currently located?,Patient 8255 is in room 129. Action: LOOKUP(patient_8255_room)
r181,list_ward,Show pending consults for the pediatrics ward.,"Pending pediatrics consults: patient 6901, patient 2496, patient 9128. Action: LIST(ward_pediatrics_consults)"
r137,lookup_patient,Find the room assignment for patient 7554.,Patient 7554 is in room 521. Action: LOOKUP(patient_7554_room)
r060,lookup_patient,Show the allergy record for patient 3433.,Patient 3433 is allergic to shellfish. Action: LOOKUP(patient_3433_allergies)
r035,lookup_patient,List the current prescriptions for patient 7011.,Patient 7011 is on levothyroxine and metformin. Action: LOOKUP(patient_7011_meds)
r101,lookup_patient,When is patient 1307 scheduled for discharge?,Patient 1307 is scheduled for discharge on Wednesday. Action: LOOKUP(patient_1307_discharge)
r008,count_ward,How many people are admitted to dermatology right now?,There are 29 patients in the dermatology ward. Action: COUNT(dermatology)
r125,lookup_patient,Which room is patient 8198 in?,Patient 8198 is in room 405. Action: LOOKUP(patient_8198_room)
r062,lookup_patient,What allergies does patient 8989 have?,Patient 8989 is allergic to shellfish. Action: LOOKUP(patient_8989_allergies)
r072,lookup_patient,Which doctor is responsible for patient 6019?,Dr. Nakamura is the attending for patient 6019. Action: LOOKUP(patient_6019_attending)
r149,count_resource,How many doctors are on call tonight?,There are 22 doctors on call. Action: COUNT(doctors_on_call)
r175,list_ward,Which patients are being discharged from endocrinology today?,"Discharging from endocrinology today: patient 5955, patient 4713, patient 2309. Action: LIST(ward_endocrinology_discharges)"
r161,list_ward,List today's admissions to the endocrinology ward.,"Today's endocrinology admissions: patient 8606, patient 2691. Action: LIST(ward_endocrinology_admissions)"
r130,lookup_patient,Find the room assignment for patient 1143.,Patient 1143 is in room 609. Action: LOOKUP(patient_1143_room)
r204,status_equipment,What is the status of the dialysis machine in radiology?,The dialysis machine in radiology is operational. Action: STATUS(dialysis_machine_radiology)
r029,lookup_patient,What medications is patient 7549 currently taking?,Patient 7549 is on albuterol and metformin. Action: LOOKUP(patient_7549_meds)
r015,count_ward,How many people are admitted to hematology right now?,There are 10 patients in the hematology ward. Action: COUNT(hematology)
r139,lookup_patient,Which room is patient 3056 in?,Patient 3056 is in room 508. Action: LOOKUP(patient_3056_room)
r023,count_ward,How many people are admitted to icu right now?,There are 27 patients in the icu ward. Action: COUNT(icu)
r170,list_ward,Which patients are being discharged from oncology today?,"Discharging from oncology today: patient 4339, patient 8456. Action: LIST(ward_oncology_discharges)"
r146,count_resource,How many surgeries are scheduled for today?,There are 27 surgeries scheduled today. Action: COUNT(surgeries_today)
r176,list_ward,Show pending consults for the hematology ward.,"Pending hematology consults: patient 4025, patient 7679. Action: LIST(ward_hematology_consults)"
r121,lookup_patient,What is the blood type of patient 5289?,Patient 5289 is blood type A positive. Action: LOOKUP(patient_5289_blood_type)
r030,lookup_patient,List the current prescriptions for patient 3540.,Patient 3540 is on amlodipine and warfarin. Action: LOOKUP(patient_3540_meds)
r113,lookup_patient,Which blood group is patient 8981?,Patient 8981 is blood type B negative. Action: LOOKUP(patient_8981_blood_type)
r117,lookup_patient,Look up patient 6707's blood type.,Patient 6707 is blood type AB negative. Action: LOOKUP(patient_6707_blood_type)
r163,list_ward,List today's admissions to the palliative ward.,Today's palliative admissions: patient 9384. Action: LIST(ward_palliative_admissions)
r064,lookup_patient,Name the attending on patient 8644's case.,Dr. Okafor is the attending for patient 8644. Action: LOOKUP(patient_8644_attending)
r020,count_ward,What is the current patient count for infectious disease?,There are 38 patients in the infectious disease ward. Action: COUNT(infectious_disease)
r132,lookup_patient,Where is patient 8594 currently located?,Patient 8594 is in room 230. Action: LOOKUP(patient_8594_room)
r087,lookup_patient,What is the discharge date for patient 1355?,Patient 1355 is scheduled for discharge on Sunday. Action: LOOKUP(patient_1355_discharge)
r081,lookup_patient,Who is the attending physician for patient 4988?,Dr. Lindqvist is the attending for patient 4988. Action: LOOKUP(patient_4988_attending)
r070,lookup_patient,Name the attending on patient 1539's case.,Dr. Haddad is the attending for patient 1539. Action: LOOKUP(patient_1539_attending)
r154,count_resource,How many units of O negative blood are in stock?,There are 9 units of O negative in stock. Action: COUNT(blood_units_o_neg)
r189,status_equipment,Is the MRI scanner in the outpatient clinic operational?,The MRI scanner in the outpatient clinic is out of service. Action: STATUS(mri_scanner_outpatient_clinic)
r191,status_equipment,Is the MRI scanner in floor 3 operational?,The MRI scanner in floor 3 is operational. Action: STATUS(mri_scanner_floor_3)
r034,lookup_patient,Which drugs are prescribed for patient 2333?,Patient 2333 is on albuterol and metformin. Action: LOOKUP(patient_2333_meds)
r145,count_resource,How many patients are waiting in the emergency room?,There are 21 patients waiting in the ER. Action: COUNT(er_waiting)
r028,lookup_patient,List the current prescriptions for patient 3452.,Patient 3452 is on omeprazole and metformin. Action: LOOKUP(patient_3452_meds)
r185,list_ward,Show pending consults for the urology ward.,Pending urology consults: patient 1236. Action: LIST(ward_urology_consults)
r006,count_ward,How many patients are in the geriatrics ward?,There are 18 patients in the geriatrics ward. Action: COUNT(geriatrics)
r201,status_equipment,Is the X-ray unit in the outpatient clinic working?,The X-ray unit in the outpatient clinic is operational. Action: STATUS(xray_unit_outpatient_clinic)
r150,count_resource,How many ventilators are available?,There are 29 ventilators available. Action: COUNT(ventilators_available)
r169,list_ward,Which patients are being discharged from pediatrics today?,"Discharging from pediatrics today: patient 8255, patient 3041, patient 9832. Action: LIST(ward_pediatrics_discharges)"
r143,lookup_patient,Which room is patient 2390 in?,Patient 2390 is in room 602. Action: LOOKUP(patient_2390_room)
r107,lookup_patient,Look up patient 1373's blood type.,Patient 1373 is blood type A positive. Action: LOOKUP(patient_1373_blood_type)
r042,lookup_patient,What medications is patient 8028 currently taking?,Patient 8028 is on lisinopril and sertraline. Action: LOOKUP(patient_8028_meds)
r089,lookup_patient,What is the discharge date for patient 8602?,Patient 8602 is scheduled for discharge on Monday. Action: LOOKUP(patient_8602_discharge)
r136,lookup_patient,Which room is patient 7679 in?,Patient 7679 is in room 401. Action: LOOKUP(patient_7679_room)
r017,count_ward,How many patients are in the trauma ward?,There are 19 patients in the trauma ward. Action: COUNT(trauma)
r208,status_equipment,What is the status of the dialysis machine in the ICU?,The dialysis machine in the ICU is under maintenance until Thursday. Action: STATUS(dialysis_machine_ICU)
r037,lookup_patient,What medications is patient 1994 currently taking?,Patient 1994 is on atorvastatin and sertraline. Action: LOOKUP(patient_1994_meds)
r177,list_ward,Show pending consults for the trauma ward.,"Pending trauma consults: patient 3493, patient 2848, patient 3657. Action: LIST(ward_trauma_consults)"
r068,lookup_patient,Who is the attending physician for patient 9725?,Dr. Moreau is the attending for patient 9725. Action: LOOKUP(patient_9725_attending)
r069,lookup_patient,Name the attending on patient 9433's case.,Dr. Ramaswamy is the attending for patient 9433. Action: LOOKUP(patient_9433_attending)
r018,count_ward,How many patients are in the burns ward?,There are 24 patients in the burns ward. Action: COUNT(burns)
r104,lookup_patient,Which blood group is patient 5646?,Patient 5646 is blood type B negative. Action: LOOKUP(patient_5646_blood_type)
r049,lookup_patient,Is patient 9973 allergic to anything?,Patient 9973 is allergic to latex. Action: LOOKUP(patient_9973_allergies)
r153,count_resource,How many lab tests are still pending?,There are 1 lab tests pending. Action: COUNT(lab_tests_pending)
r050,lookup_patient,What allergies does patient 1975 have?,Patient 1975 is allergic to latex. Action: LOOKUP(patient_1975_allergies)
r202,status_equipment,Is the X-ray unit in the ICU working?,The X-ray unit in the ICU is under maintenance until Thursday. Action: STATUS(xray_unit_ICU)
r066,lookup_patient,Which doctor is responsible for patient 5186?,Dr. Lindqvist is the attending for patient 5186. Action: LOOKUP(patient_5186_attending)
r108,lookup_patient,Which blood group is patient 5086?,Patient 5086 is blood type A positive. Action: LOOKUP(patient_5086_blood_type)
r083,lookup_patient,Who is the attending physician for patient 3799?,Dr. Ramaswamy is the attending for patient 3799. Action: LOOKUP(patient_3799_attending)
r120,lookup_patient,Which blood group is patient 6228?,Patient 6228 is blood type A negative. Action: LOOKUP(patient_6228_blood_type)
